{
  "features": [
    "cp",
    "thalach",
    "sex",
    "age"
  ],
  "mean": [
    0.966996699669967,
    149.64686468646866,
    0.6831683168316832,
    54.366336633663366
  ],
  "scale": [
    1.0303480250839463,
    22.86733258188924,
    0.46524119304834577,
    9.067101638577872
  ]
}